Severity,Memory (s),alpha true,Data (traj.),Model,Train RMSE (N m),Test RMSE (N m),Adept 6.4 RMSE (N m),Adept 3.2 RMSE (N m),Adept 1.6 RMSE (N m),alpha hat,B hat (N m s^a),B hat spread
0.0,1.0,0.3,35,LS 14,0.007391651037141109,0.008480525801176374,0.00779119853063632,0.010003570571429395,0.012257127201559472,,,
0.0,1.0,0.3,35,LS 14 + friction,0.006207594727637601,0.007222388216537217,0.0065624361426945685,0.008492414116276058,0.010761029437700118,,,
0.0,1.0,0.3,35,LS 14 + friction + frac,0.004838236808841308,0.00594439621753592,0.005401575149860181,0.006059956313610097,0.00630903319095548,0.425,0.02984158786289018,0.00584880689211199
0.0,1.0,0.3,35,LS exact forms (bound),0.0062029578102995985,0.007279700858349186,0.006471374517034851,0.008260395263246956,0.010557735341848038,,,
0.0,1.0,0.3,35,LS exact forms + frac (bound),0.004833853383920788,0.0059609085385967705,0.005414308469406911,0.0061144835117704415,0.006420962252158216,0.425,0.02978207865583779,0.0024158728932157994
0.0,full,0.3,35,LS 14 + friction + frac,1.7636176028324795e-07,1.7808956324716684e-07,6.534683418480887e-08,2.524298136559404e-07,9.704750433983438e-07,0.3,0.049999699346695736,1.1488868416342779e-07
0.0,full,0.3,35,LS exact forms + frac (bound),1.761797332012761e-07,1.776860220389716e-07,6.327286824696479e-08,2.48613923206292e-07,9.669152753730403e-07,0.3,0.049999707371850104,7.434653278431957e-08
1.0,1.0,0.3,35,LS 14,0.06030660032938932,0.06342610590725684,0.05836601159612533,0.08804520579796675,0.22152784487670626,,,
1.0,1.0,0.3,35,LS 14 + friction,0.035348740833741885,0.03644473281897437,0.01915205102969076,0.054526134112757245,0.19959381627096912,,,
1.0,1.0,0.3,35,LS 14 + friction + frac,0.03505026086187379,0.036316949141635906,0.019736928100701018,0.05481283837492314,0.20012673523607002,0.95,0.21969900186353866,0.11953932221735938
1.0,1.0,0.3,35,LS exact forms (bound),0.006202957810299599,0.007279700858252093,0.006471374517480458,0.008260395263783894,0.010557735342602083,,,
1.0,1.0,0.3,35,LS exact forms + frac (bound),0.004833853383920788,0.005960908538466105,0.0054143084700715004,0.006114483512278069,0.006420962252825935,0.425,0.0297820786557416,0.0024158728938567173
1.0,full,0.3,35,LS 14 + friction + frac,0.03484949084975332,0.0356232773466634,0.018522057122488216,0.053195556531490364,0.19781735052211144,0.425,0.05226914758520712,0.020909739725125005
1.0,full,0.3,35,LS exact forms + frac (bound),1.7617973321883956e-07,1.7768607556726776e-07,6.32737157106809e-08,2.486144514761985e-07,9.669157391694015e-07,0.3,0.049999707372352674,7.434719406090862e-08
0.0,1.0,0.3,175,LS 14,0.008002460758172205,0.00816950088293848,0.007792047420314548,0.010096186287899885,0.01242081151519935,,,
0.0,1.0,0.3,175,LS 14 + friction,0.006692513277769474,0.0070035418035729645,0.0065786654592003705,0.00863334202968814,0.010978043588771608,,,
0.0,1.0,0.3,175,LS 14 + friction + frac,0.005443025453818274,0.005756871661901244,0.005309342979310437,0.005723265390442185,0.005861522404616185,0.4,0.029903369243292437,0.0012299603130613915
0.0,1.0,0.3,175,LS exact forms (bound),0.006686395342383398,0.007064697962732686,0.006471095335133515,0.00842426783607664,0.010845271745167154,,,
0.0,1.0,0.3,175,LS exact forms + frac (bound),0.005433359887447267,0.005783966243938919,0.0053277787855430525,0.005793426016299255,0.00600308884172804,0.4,0.02962146793492186,0.0012263406119460973
0.0,full,0.3,175,LS 14 + friction + frac,1.6706534365683606e-07,1.6716236626256685e-07,6.745669162658721e-08,2.7296334530204844e-07,1.0489936532211622e-06,0.3,0.04999975917484025,6.099446784452178e-08
0.0,full,0.3,175,LS exact forms + frac (bound),1.6685400039147258e-07,1.6668204707376336e-07,6.635962416381623e-08,2.6928271471083083e-07,1.0452358766846765e-06,0.3,0.04999976246076145,4.040400277544043e-08
1.0,1.0,0.3,175,LS 14,0.06166388330474482,0.06282599907803006,0.058463762545374706,0.08840039650699252,0.2220138517782625,,,
1.0,1.0,0.3,175,LS 14 + friction,0.03398041459696318,0.03638932584264138,0.019290297112381942,0.05436603350498449,0.19917622272161417,,,
1.0,1.0,0.3,175,LS 14 + friction + frac,0.03383660118574876,0.03618224597457121,0.019571661527426544,0.054271143255438165,0.19932210179065085,0.75,0.03822184458406191,0.020192080463436613
1.0,1.0,0.3,175,LS exact forms (bound),0.006686395342383399,0.007064697962744044,0.006471095335652502,0.008424267836697114,0.010845271746046754,,,
1.0,1.0,0.3,175,LS exact forms + frac (bound),0.005433359887447267,0.005783966244007753,0.005327778786546072,0.005793426017170805,0.006003088842746632,0.4,0.02962146793575987,0.0012263406115764104
1.0,full,0.3,175,LS 14 + friction + frac,0.03342711631463366,0.03543650112991895,0.017942201536622807,0.05235646265669987,0.19685033848110478,0.25,0.042190710797892585,0.020900818090559284
1.0,full,0.3,175,LS exact forms + frac (bound),1.6685400042382974e-07,1.666819550760746e-07,6.63604364590593e-08,2.6928346827341394e-07,1.0452368145678228e-06,0.3,0.0499997624614642,4.040169586383424e-08
0.0,1.0,0.5,35,LS 14,0.008681198868314022,0.009373746426015801,0.009366016447518008,0.013557650119385848,0.018998347031432276,,,
0.0,1.0,0.5,35,LS 14 + friction,0.0052609878908574815,0.00576896932794236,0.005739115600083191,0.00828200111541571,0.011782412569587172,,,
0.0,1.0,0.5,35,LS 14 + friction + frac,0.003118175527785509,0.003728717394627655,0.0033712511288456707,0.003973097961895868,0.004345833055456035,0.65,0.04181272753198892,0.0037840027334190562
0.0,1.0,0.5,35,LS exact forms (bound),0.005278781183096729,0.0058346308479497325,0.005615609256224904,0.007974995438311,0.011595566334490066,,,
0.0,1.0,0.5,35,LS exact forms + frac (bound),0.0031147325706850104,0.0037346464037497024,0.00334569939188338,0.003997913636419008,0.0044564140772732725,0.65,0.04179718192419593,0.0006602856275526314
0.0,full,0.5,35,LS 14 + friction + frac,9.149979784738778e-07,9.163925468519373e-07,2.7366770374873813e-07,1.2072744585559335e-06,5.107196329919164e-06,0.5,0.04999804882476409,5.171072544191135e-07
0.0,full,0.5,35,LS exact forms + frac (bound),9.132204382376968e-07,9.139558794892679e-07,2.629127656846368e-07,1.1897502230563793e-06,5.086394828857513e-06,0.5,0.0499981046596939,2.0832326354941477e-07
1.0,1.0,0.5,35,LS 14,0.062270277709955475,0.06539284290324245,0.060881806498378696,0.09150587415459893,0.2245194282944571,,,
1.0,1.0,0.5,35,LS 14 + friction,0.03524762364273748,0.03609536516064961,0.018340769934914875,0.053633298702173426,0.19866121366022127,,,
1.0,1.0,0.5,35,LS 14 + friction + frac,0.034881648315295305,0.035902514401372335,0.018836977974877624,0.053840504241827965,0.19919572955979153,0.95,0.24483237973778205,0.1251378927022511
1.0,1.0,0.5,35,LS exact forms (bound),0.005278781183096729,0.005834630847988282,0.005615609256002123,0.007974995438014158,0.011595566334090096,,,
1.0,1.0,0.5,35,LS exact forms + frac (bound),0.003114732570685011,0.0037346464038144037,0.003345699391358322,0.003997913636009042,0.004456414076758017,0.65,0.04179718192389004,0.0006602856283686662
1.0,full,0.5,35,LS 14 + friction + frac,0.03482040046039027,0.03568519057164934,0.018511392180450496,0.05341264743496504,0.19816671717934153,0.8,0.0888858783000767,0.042314521077784745
1.0,full,0.5,35,LS exact forms + frac (bound),9.132204382385225e-07,9.139558235835081e-07,2.629121495741816e-07,1.1897498182201658e-06,5.0863944581643576e-06,0.5,0.04999810465875715,2.083238170580426e-07
0.0,1.0,0.5,175,LS 14,0.009052944316111838,0.009164354366433453,0.009449385156820644,0.013728494010051955,0.01922393283560912,,,
0.0,1.0,0.5,175,LS 14 + friction,0.005465404276239334,0.005632895597101446,0.005801873278691289,0.008494164950277345,0.012117620619275972,,,
0.0,1.0,0.5,175,LS 14 + friction + frac,0.0034372363007423024,0.0036061035160871117,0.0034193184616303956,0.0038438407469474226,0.004126453742700623,0.625,0.04061493846075021,0.0008900920710708318
0.0,1.0,0.5,175,LS exact forms (bound),0.00548146735652804,0.005694528626806991,0.005667731821299702,0.00821155576317644,0.011948571552919894,,,
0.0,1.0,0.5,175,LS exact forms + frac (bound),0.00342952584587592,0.0036200273612792965,0.003406215146850665,0.0038751029605547235,0.004228245853191463,0.625,0.04039990066748151,0.0004478075208246765
0.0,full,0.5,175,LS 14 + friction + frac,8.59520585530969e-07,8.576961072975209e-07,2.8657434035371977e-07,1.315566992523935e-06,5.529055478692518e-06,0.5,0.04999825620200704,4.857711707745294e-07
0.0,full,0.5,175,LS exact forms + frac (bound),8.579926937925652e-07,8.541355976502884e-07,2.8295869743673286e-07,1.3011226701459783e-06,5.512265901633842e-06,0.5,0.04999829640441203,1.8103322280832446e-07
1.0,1.0,0.5,175,LS 14,0.06369098852515814,0.06483352076951972,0.06101830485969246,0.09193964551610692,0.22510604128940667,,,
1.0,1.0,0.5,175,LS 14 + friction,0.03377068306183729,0.036037144203665064,0.018492994489135856,0.053497725839045863,0.19832619765486842,,,
1.0,1.0,0.5,175,LS 14 + friction + frac,0.033580745037589066,0.03577345140897135,0.01865641730647517,0.053351909456181894,0.19846254422636667,0.875,0.07675316424780716,0.033262404714227374
1.0,1.0,0.5,175,LS exact forms (bound),0.00548146735652804,0.005694528626845878,0.005667731821163483,0.00821155576295054,0.011948571552552533,,,
1.0,1.0,0.5,175,LS exact forms + frac (bound),0.0034295258458759198,0.0036200273612946848,0.003406215146198652,0.0038751029599749724,0.00422824585256338,0.625,0.040399900666806925,0.00044780752075499614
1.0,full,0.5,175,LS 14 + friction + frac,0.033430785350928215,0.03545988151130317,0.0180690099793275,0.05244796380105088,0.1968758407634412,0.475,0.041260777674462096,0.024610418947239098
1.0,full,0.5,175,LS exact forms + frac (bound),8.579926938069295e-07,8.541356557554684e-07,2.8295822968600814e-07,1.3011221586182096e-06,5.5122652530754865e-06,0.5,0.049998296403857424,1.8103217171161479e-07
0.0,1.0,0.7,35,LS 14,0.011342349029826006,0.011881123612524488,0.011461481070938752,0.018712470175709487,0.030186429918369447,,,
0.0,1.0,0.7,35,LS 14 + friction,0.003999388255759898,0.004205942961360268,0.004392460746676878,0.006861006625015285,0.010707318932731962,,,
0.0,1.0,0.7,35,LS 14 + friction + frac,0.0016723773611123929,0.0019479031424085313,0.0018013552011416053,0.0021936152204168266,0.0024974458387060083,0.825,0.05916061246188956,0.00240743820721271
0.0,1.0,0.7,35,LS exact forms (bound),0.0040285575431942035,0.004265462732378461,0.004307609905806102,0.006610713015401753,0.010609369883873008,,,
0.0,1.0,0.7,35,LS exact forms + frac (bound),0.0016699617865723268,0.0019484484223315003,0.0017766633594913607,0.0022021100966351714,0.002571516881532143,0.825,0.0591456491368488,0.0002205570551665273
0.0,full,0.7,35,LS 14 + friction + frac,4.178971548280904e-06,4.158239236633871e-06,1.1801349980880343e-06,5.2466109760759355e-06,2.3324816341450732e-05,0.7,0.0499878403831561,2.268526013614325e-06
0.0,full,0.7,35,LS exact forms + frac (bound),4.170566157916846e-06,4.1485238016579765e-06,1.1363335116612665e-06,5.163924270775808e-06,2.3213748562380982e-05,0.7,0.04998816038785003,3.9978183319355765e-07
1.0,1.0,0.7,35,LS 14,0.06466468388748955,0.06780853741574316,0.06355015961962573,0.09639540741669685,0.23018537982441709,,,
1.0,1.0,0.7,35,LS 14 + friction,0.035124375087752166,0.03581872881451768,0.01790167003416159,0.052987424159779674,0.19790682340456753,,,
1.0,1.0,0.7,35,LS 14 + friction + frac,0.03482323725344732,0.03568802985967842,0.01846997980091054,0.053298943109886664,0.19847981558450742,0.975,0.41948282244376456,0.2500437189776744
1.0,1.0,0.7,35,LS exact forms (bound),0.0040285575431942035,0.004265462732358096,0.004307609905863466,0.006610713015520494,0.01060936988406044,,,
1.0,1.0,0.7,35,LS exact forms + frac (bound),0.0016699617865723272,0.0019484484222562885,0.001776663359832631,0.002202110096880262,0.0025715168818552883,0.825,0.05914564913702914,0.00022055705482759702
1.0,full,0.7,35,LS 14 + friction + frac,0.034811809297174846,0.035610177954768604,0.018284318559700037,0.053107176464045745,0.19786059252153582,0.95,0.24422332809420397,0.1467319609360722
1.0,full,0.7,35,LS exact forms + frac (bound),4.170566157918145e-06,4.148523847415106e-06,1.136333880080839e-06,5.163924560675883e-06,2.3213748844400222e-05,0.7,0.04998816038847401,3.997815486850298e-07
0.0,1.0,0.7,175,LS 14,0.011551861871693487,0.011756330914179878,0.01151764915654714,0.018828036133407004,0.030335002727758856,,,
0.0,1.0,0.7,175,LS 14 + friction,0.00405860302437972,0.004133327991865324,0.004405678770352282,0.007001635151847056,0.0109920882467512,,,
0.0,1.0,0.7,175,LS 14 + friction + frac,0.0018100910033086888,0.001882561780992906,0.001875732294937434,0.0021445193666035254,0.0023870156021988964,0.825,0.05966131387545082,0.0007146609436409143
0.0,1.0,0.7,175,LS exact forms (bound),0.0040871170606125665,0.004185776949347772,0.004316419901972164,0.006767435540593833,0.010866020490559382,,,
0.0,1.0,0.7,175,LS exact forms + frac (bound),0.0018055075610313985,0.0018881305295153801,0.0018594791392808267,0.0021556110589611727,0.0024420650065996824,0.825,0.05948437899796961,0.00015874305403976857
0.0,full,0.7,175,LS 14 + friction + frac,3.907797753777713e-06,3.894914984379373e-06,1.228985891777613e-06,5.709492125292278e-06,2.5224166994983496e-05,0.7,0.04998842563532189,3.5027181004634866e-06
0.0,full,0.7,175,LS exact forms + frac (bound),3.902405823487997e-06,3.877590171611368e-06,1.217190395372626e-06,5.658271906369924e-06,2.5163508334094998e-05,0.7,0.04998879025990811,5.008002966697123e-07
1.0,1.0,0.7,175,LS 14,0.06617024199915973,0.06728696341171903,0.06368054762204425,0.09684605961482279,0.23082750258052118,,,
1.0,1.0,0.7,175,LS 14 + friction,0.03361050372419821,0.035745843763534284,0.018055107697151927,0.05284109771892861,0.19757655336238444,,,
1.0,1.0,0.7,175,LS 14 + friction + frac,0.03347183430112055,0.035553761224272784,0.018248531850318963,0.05279290211365889,0.1977052911213852,0.95,0.1488457947621996,0.07125715479687052
1.0,1.0,0.7,175,LS exact forms (bound),0.0040871170606125665,0.004185776949336106,0.004316419902009504,0.006767435540636277,0.010866020490577975,,,
1.0,1.0,0.7,175,LS exact forms + frac (bound),0.0018055075610313985,0.001888130529494562,0.0018594791392043,0.0021556110588852456,0.002442065006493639,0.825,0.05948437899811344,0.00015874305404989936
1.0,full,0.7,175,LS 14 + friction + frac,0.0334355253115804,0.03547074149238744,0.018124728651733424,0.052572221530311755,0.19702528644604436,0.775,0.04944269000786289,0.032041528651135395
1.0,full,0.7,175,LS exact forms + frac (bound),3.902405823488298e-06,3.87759017896155e-06,1.217190332552144e-06,5.6582718003377695e-06,2.5163508211143724e-05,0.7,0.0499887902600625,5.008003804568562e-07
0.0,1.0,0.9,35,LS 14,0.01538125422711028,0.01596227444544028,0.013524996768932413,0.02520649948575226,0.046967350366886144,,,
0.0,1.0,0.9,35,LS 14 + friction,0.0017200150749588099,0.001765526444536852,0.0018222082715495507,0.0030666674690452483,0.005217323573561703,,,
0.0,1.0,0.9,35,LS 14 + friction + frac,0.0004904671547495511,0.0005542734161701993,0.000524368958027766,0.0006882455845946821,0.0008137072901898562,0.95,0.08162780417089313,0.0012773638701479573
0.0,1.0,0.9,35,LS exact forms (bound),0.001736855734516811,0.0017926680736221402,0.0017948367237351792,0.002964253581712674,0.0051973407534483575,,,
0.0,1.0,0.9,35,LS exact forms + frac (bound),0.0004899245666280304,0.0005537720891719516,0.0005169660050970851,0.0006901707597302075,0.0008312041925981554,0.95,0.08160634011395888,6.026782607916614e-05
0.0,full,0.9,35,LS 14 + friction + frac,1.7549010416785084e-05,1.7392597619617827e-05,5.007799743968382e-06,2.113141150577041e-05,9.723602326702463e-05,0.9,0.04986372350769236,2.6335723365113195e-05
0.0,full,0.9,35,LS exact forms + frac (bound),1.7520211196074208e-05,1.7363016656503874e-05,4.867850377629233e-06,2.079358341270969e-05,9.673143302252649e-05,0.9,0.04986701997045731,7.385648098587327e-07
1.0,1.0,0.9,35,LS 14,0.06755546476968287,0.07078387186949253,0.06603226257382472,0.10252894924245746,0.23962494261552245,,,
1.0,1.0,0.9,35,LS 14 + friction,0.03494100257380068,0.03557381555108404,0.01775289259013096,0.05259706590612541,0.19742251438337655,,,
1.0,1.0,0.9,35,LS 14 + friction + frac,0.03482357031525408,0.03559293166367651,0.018379094961021407,0.053004266460622965,0.19780392071706135,0.975,0.2336271788142931,0.25300348529040384
1.0,1.0,0.9,35,LS exact forms (bound),0.001736855734516811,0.001792668073621771,0.0017948367237566284,0.0029642535817336084,0.00519734075345428,,,
1.0,1.0,0.9,35,LS exact forms + frac (bound),0.0004899245666280304,0.0005537720891652031,0.0005169660049434685,0.0006901707596120068,0.0008312041924096142,0.95,0.08160634011360318,6.026782613383075e-05
1.0,full,0.9,35,LS 14 + friction + frac,0.03482821905478062,0.035567434233481514,0.018268107135497147,0.05291139116246073,0.1975156656202736,0.975,0.24140963952965286,0.2794606775073553
1.0,full,0.9,35,LS exact forms + frac (bound),1.752021119607466e-05,1.736301663677767e-05,4.867850247476393e-06,2.0793583263552357e-05,9.673143284864564e-05,0.9,0.04986701997000783,7.385648088456542e-07
0.0,1.0,0.9,175,LS 14,0.015427873957197155,0.01589043213196747,0.013540116708284648,0.02524859571940077,0.047024523518624156,,,
0.0,1.0,0.9,175,LS 14 + friction,0.001722209357115626,0.0017424951391505497,0.0018093059817389625,0.003108722476212316,0.0053448856215147994,,,
0.0,1.0,0.9,175,LS 14 + friction + frac,0.0005204279456998743,0.0005365547815440306,0.000553420401123178,0.0006764168351927885,0.0007983662774237779,0.95,0.08203860415949443,0.0005874465215767316
0.0,1.0,0.9,175,LS exact forms (bound),0.00173892889325927,0.0017660366697503911,0.0017825073551713615,0.0030128764997238142,0.005299207985165722,,,
0.0,1.0,0.9,175,LS exact forms + frac (bound),0.0005193139761657408,0.0005374634792206639,0.000548390007026094,0.0006790368503636463,0.0008083632711024814,0.95,0.08192655690700178,3.4166745174188384e-05
0.0,full,0.9,175,LS 14 + friction + frac,1.6374484704870583e-05,1.63280492396172e-05,5.138197236152724e-06,2.2976827777902252e-05,0.00010506422501533449,0.9,0.04986754521327336,3.8373948795446255e-05
0.0,full,0.9,175,LS exact forms + frac (bound),1.6365456982226698e-05,1.6253049616143996e-05,5.092515572133793e-06,2.2806490593371e-05,0.00010489123863503202,0.9,0.049871960616738875,5.979289862470538e-07
1.0,1.0,0.9,175,LS 14,0.06916512497581732,0.07029713504383563,0.06613260433892255,0.1029464343186992,0.2402742553474905,,,
1.0,1.0,0.9,175,LS 14 + friction,0.033470852477725806,0.03547199570826414,0.01793483073800255,0.05244261170571509,0.19700388625552975,,,
1.0,1.0,0.9,175,LS 14 + friction + frac,0.033447213835898756,0.03545524662226929,0.018115560879646303,0.05252033043678816,0.19706295567082988,0.975,0.0951593743489937,0.1264895682559203
1.0,1.0,0.9,175,LS exact forms (bound),0.00173892889325927,0.0017660366697240413,0.0017825073550977993,0.003012876499784978,0.005299207985318802,,,
1.0,1.0,0.9,175,LS exact forms + frac (bound),0.0005193139761657407,0.0005374634791988135,0.000548390007220753,0.0006790368504253384,0.0008083632712450554,0.95,0.08192655690681927,3.416674520556606e-05
1.0,full,0.9,175,LS 14 + friction + frac,0.03344156315963535,0.03544818527690003,0.018095260935852706,0.05247592398678191,0.19688546104334484,0.925,0.03884056023566961,0.06603982572412254
1.0,full,0.9,175,LS exact forms + frac (bound),1.636545698222628e-05,1.6253049604966377e-05,5.092515778008597e-06,2.2806490710132753e-05,0.00010489123870110276,0.9,0.04987196061575603,5.979290098115375e-07
