Scenario,Source,alpha true,Kind,Trajectories,Seed,Epochs,Train time (s),Weights,Val RMSE (N m),Test RMSE (N m),Memory torque RMS (N m),Adept 6.4 0 kg (N m),Adept 6.4 6 kg (N m),Adept 3.2 0 kg (N m),Adept 3.2 6 kg (N m),Adept 1.6 0 kg (N m),Adept 1.6 6 kg (N m),alpha hat,B hat mean,B hat
null,NB04,0.0,PINN,175,0,117,105.90591359138487,5966.0,0.012266899459064,0.0124716171994805,0.0,0.0104820504784584,0.0108693679794669,0.0105272121727466,0.011038476601243,0.0344418510794639,0.0306176487356424,,,
null,NB04,0.0,HYBRID,175,0,82,56.78589916229248,5251.0,0.0123088480904698,0.0127445878461003,0.0,0.0103813055902719,0.0102402390912175,0.0096784075722098,0.0095954099670052,0.0591475181281566,0.059160940349102,,,
null,NB04,0.0,fPINN,175,0,143,189.29721760749817,5970.0,0.012295015156269,0.0125061199069023,0.0050680977292358,0.0105054639279842,0.0109428726136684,0.0102827437222003,0.0108026228845119,0.0365519300103187,0.0352569781243801,0.8601691126823425,0.0155880789582928,"[0.0235, 0.0111, 0.0122]"
null,NB04,0.0,fHYBRID,175,0,53,48.69584393501282,5255.0,0.0123729612678289,0.0128824608400464,0.0033872153144329,0.0106282215565443,0.0104839457198977,0.0098790926858782,0.0097727524116635,0.0579578503966331,0.0579188801348209,0.7629442811012268,0.0124634172146519,"[0.0147, 0.0113, 0.0114]"
null,NB04,0.0,PINN,175,1,118,127.65145993232728,5966.0,0.0123742902651429,0.0124523052945733,0.0,0.0108117833733558,0.0108898123726248,0.0102938041090965,0.0101208053529262,0.0375782325863838,0.0316479839384555,,,
null,NB04,0.0,HYBRID,175,1,76,50.35722160339356,5251.0,0.0123162064701318,0.0128179341554641,0.0,0.0103269787505269,0.010196684859693,0.0096736429259181,0.009609461762011,0.0576133839786052,0.0576077029109001,,,
null,NB04,0.0,fPINN,175,1,141,224.0019655227661,5970.0,0.0124217066913843,0.012408735230565,0.0016895310254767,0.0109023675322532,0.0110284900292754,0.0100723328068852,0.0099969683215022,0.0351834408938884,0.0279668029397726,0.6382716298103333,0.0069436699462433,"[0.0082, 0.0051, 0.0075]"
null,NB04,0.0,fHYBRID,175,1,76,71.11678004264832,5255.0,0.0123206889256834,0.0128285456448793,0.0030541636515408,0.0104108173400163,0.0102899195626378,0.0095841214060783,0.0095134805887937,0.0579553730785846,0.0579540133476257,0.7458065748214722,0.0115195335820317,"[0.0128, 0.0108, 0.011]"
null,NB04,0.0,PINN,175,2,113,137.50880241394043,5966.0,0.0123686520382761,0.0124319419264793,0.0,0.0105666890740394,0.0106488959863781,0.010134064592421,0.0101680122315883,0.0316549986600875,0.0243204664438962,,,
null,NB04,0.0,HYBRID,175,2,54,35.83717727661133,5251.0,0.012311028316617,0.0128144044429063,0.0,0.0103504927828907,0.0101790549233555,0.0097433533519506,0.0096458094194531,0.0606523230671882,0.0606741905212402,,,
null,NB04,0.0,fPINN,175,2,127,169.15250706672668,5970.0,0.0123244021087884,0.0124054420739412,0.0017085062572732,0.0105516090989112,0.0105931553989648,0.0100391004234552,0.0100135328248143,0.0320726633071899,0.0260472781956195,0.6650446653366089,0.0068624786411722,"[0.0089, 0.0058, 0.0058]"
null,NB04,0.0,fHYBRID,175,2,54,49.02801847457886,5255.0,0.0123546849936246,0.0128434468060731,0.003363597439602,0.0103802327066659,0.0102394009009003,0.0095570823177695,0.0094819404184818,0.0589951463043689,0.0589572861790657,0.7674493789672852,0.0123886438086628,"[0.0131, 0.0114, 0.0127]"
hist,NB04,0.5,MLPhist,175,0,124,106.82316565513612,12739.0,0.011964582838118,0.0113668609410524,0.0,0.0088715301826596,0.0102414079010486,0.0121195362880826,0.0130818895995616,0.1253647804260254,0.112088106572628,,,
hist,NB04,0.5,PINNmem,175,0,98,129.45312333106995,6083.0,0.012271350249648,0.0125219095498323,0.0395018830895423,0.0105252303183078,0.0108492858707904,0.0099865505471825,0.0104765277355909,0.0343766994774341,0.0308566596359014,,,
hist,NB04,0.5,MLPhist,175,1,148,126.18081760406494,12739.0,0.012132660485804,0.0115923155099153,0.0,0.0093679931014776,0.0099635459482669,0.0119958743453025,0.0128322765231132,0.1081822589039802,0.1277766972780227,,,
hist,NB04,0.5,PINNmem,175,1,150,197.80869317054749,6083.0,0.0126656051725149,0.0127437142655253,0.0551765523850917,0.0109907062724232,0.0112070143222808,0.010360388085246,0.010253706946969,0.039934366941452,0.0339325964450836,,,
hist,NB04,0.5,MLPhist,175,2,150,130.9390230178833,12739.0,0.0124575244262814,0.0118403173983097,0.0,0.0090334406122565,0.0102028427645564,0.0113934017717838,0.0140111679211258,0.1173388808965683,0.1253366619348526,,,
hist,NB04,0.5,PINNmem,175,2,150,200.1476690769196,6083.0,0.0126093560829758,0.0128052961081266,0.0513942614197731,0.0108649972826242,0.0109697952866554,0.0102444449439644,0.0104502951726317,0.0362408757209777,0.0291987657546997,,,
hist,NB04,0.5,MLPhist,175,3,150,128.7423210144043,12739.0,0.0119783533737063,0.0114801684394478,0.0,0.0087765017524361,0.0092016626149415,0.0127957556396722,0.0162705536931753,0.1266636103391647,0.1232140362262725,,,
hist,NB04,0.5,PINNmem,175,3,125,165.97580242156982,6083.0,0.012387934140861,0.0126070538535714,0.0328864529728889,0.0106903901323676,0.0110646113753318,0.0100174229592084,0.0103586073964834,0.0353418886661529,0.0289997942745685,,,
hist,NB04,0.5,MLPhist,175,4,150,127.88388061523438,12739.0,0.0113878864794969,0.0111827366054058,0.0,0.0088390195742249,0.0091243460774421,0.0105402246117591,0.0123705556616187,0.1185875385999679,0.1124360933899879,,,
hist,NB04,0.5,PINNmem,175,4,150,197.42853832244876,6083.0,0.0126360720023512,0.0128153292462229,0.0457632355391979,0.010970658622682,0.0111280642449855,0.0102393850684165,0.0107226399704813,0.0353236012160778,0.0335440561175346,,,
hist,NB04,0.5,MLPhist,35,0,111,20.53570508956909,12739.0,0.0456253848969936,0.047663040459156,0.0,0.0338447205722332,0.0494120344519615,0.0586885958909988,0.0914893373847007,0.2145954221487045,0.3096615970134735,,,
hist,NB04,0.5,PINNmem,35,0,145,42.92042112350464,6083.0,0.0256668422371149,0.0271128192543983,0.0830622240900993,0.0283638332039117,0.0273796170949935,0.0393624380230903,0.0367754288017749,0.0993785113096237,0.0982212498784065,,,
hist,NB04,0.5,MLPhist,35,1,84,15.947702407836914,12739.0,0.040151473134756,0.0463750213384628,0.0,0.0316071808338165,0.0440844744443893,0.0521384701132774,0.0669727772474289,0.2008131742477417,0.3269772827625274,,,
hist,NB04,0.5,PINNmem,35,1,150,43.70631241798401,6083.0,0.0203833542764186,0.0210142284631729,0.0290578883141279,0.0243188496679067,0.0285795591771602,0.0276701729744672,0.0362180806696414,0.0923407971858978,0.1064887195825576,,,
hist,NB04,0.5,MLPhist,35,2,150,27.94572114944458,12739.0,0.0357157438993454,0.044004663825035,0.0,0.0255186688154935,0.0365040972828865,0.0443614572286605,0.0647884085774421,0.1789047569036483,0.2690813541412353,,,
hist,NB04,0.5,PINNmem,35,2,150,44.019726276397705,6083.0,0.0180818494409322,0.01795713044703,0.0165630914270877,0.0183988381177186,0.0197336766868829,0.0248220525681972,0.02144156396389,0.0967546328902244,0.072200983762741,,,
hist,NB04,0.5,MLPhist,35,3,139,25.75986623764038,12739.0,0.0399211160838604,0.0454682260751724,0.0,0.0308496709913015,0.0442970097064971,0.0540410242974758,0.0736145079135894,0.2263359129428863,0.3033230006694793,,,
hist,NB04,0.5,PINNmem,35,3,150,44.30813241004944,6083.0,0.0162422433495521,0.0167266484349966,0.0323319770395755,0.0162144564092159,0.021094974130392,0.0195381231606006,0.0243634022772312,0.0831263288855552,0.0784931033849716,,,
hist,NB04,0.5,MLPhist,35,4,150,27.8548583984375,12739.0,0.0377126336097717,0.0464923903346061,0.0,0.0351680591702461,0.0404736399650573,0.0571359284222126,0.0628066211938858,0.2278170585632324,0.2798848152160644,,,
hist,NB04,0.5,PINNmem,35,4,150,44.30973935127258,6083.0,0.0211831051856279,0.0216514952480793,0.0546757765114307,0.0217995513230562,0.024222657084465,0.0255426820367574,0.0274973381310701,0.0887578278779983,0.0818520411849021,,,
main,NB02,0.5,MLP,175,0,137,2822.0269260406494,,0.0142952352762222,0.0145487301051616,,0.0120231844484806,0.012588563375175,0.0149513510987162,0.0163321755826473,0.1008688434958458,0.1074536889791488,,,
main,NB02,0.5,HYBRID,175,0,66,1298.8461022377014,,0.0131329810246825,0.0137929348275065,,0.0109771033748984,0.0108891790732741,0.0121355047449469,0.0121219791471958,0.0591057911515235,0.0591535083949565,,,
main,NB02,0.5,PINN,175,0,90,1854.9190831184387,,0.0131116537377238,0.0134858358651399,,0.0116729931905865,0.01197125390172,0.0131590263918042,0.0135288462042808,0.0425912253558635,0.0356627590954303,,,
main,NB02,0.5,fPINN,175,0,150,3148.2712109088898,,0.0123582547530531,0.0125797428190708,,0.0105410786345601,0.0108716133981943,0.0105052478611469,0.0109634147956967,0.0360472798347473,0.0338401645421981,0.4894177317619324,0.0557435030738512,"[0.0583, 0.0543, 0.0547]"
main,NB02,0.5,fHYBRID,175,0,82,1653.1318967342377,,0.012344928458333,0.0127820167690515,,0.0104171419516205,0.0102705480530858,0.0094812400639057,0.0093797091394662,0.0576036870479583,0.0575698465108871,0.5062832236289978,0.0581100496153036,"[0.0596, 0.0571, 0.0576]"
main,NB02,0.5,MLP,175,1,125,2473.2574033737183,,0.0140467742457985,0.0144573682919144,,0.0120397442951798,0.0125205656513571,0.0142952604219317,0.0157313495874404,0.1044002622365951,0.1060387566685676,,,
main,NB02,0.5,HYBRID,175,1,65,1294.4851970672607,,0.0131424330174922,0.0138418832793831,,0.0109604578465223,0.0108626913279294,0.011911442503333,0.0118680456653237,0.0597960501909256,0.0599098168313503,,,
main,NB02,0.5,PINN,175,1,118,2424.782067537308,,0.0131894135847687,0.0133867701515555,,0.0115487612783908,0.0118521815165877,0.0124343652278184,0.0126200402155518,0.0382998213171958,0.0316448956727981,,,
main,NB02,0.5,fPINN,175,1,141,2941.028594493866,,0.0124213052913546,0.0124258128926157,,0.0109266163781285,0.0109233604744076,0.0101513508707284,0.0098715433850884,0.0340485982596874,0.025872278958559,0.4868657886981964,0.0550791434943676,"[0.0562, 0.0536, 0.0554]"
main,NB02,0.5,fHYBRID,175,1,42,859.8725717067719,,0.0123248416930437,0.0129085648804903,,0.0105584422126412,0.0104088243097066,0.0098167285323143,0.0097257886081933,0.0551062673330307,0.0551079921424388,0.5186238288879395,0.0596120730042457,"[0.0608, 0.0589, 0.0591]"
main,NB02,0.5,MLP,175,2,133,2648.4470517635345,,0.0140585638582706,0.0141999581828713,,0.0121018318459391,0.0124242985621094,0.0146538009867072,0.016246173530817,0.113798014819622,0.1127724274992942,,,
main,NB02,0.5,HYBRID,175,2,77,1527.603666305542,,0.0131516056135296,0.013812837190926,,0.0110615454614162,0.0109261870384216,0.0123332235962152,0.0122301904484629,0.0605052225291729,0.060617372393608,,,
main,NB02,0.5,PINN,175,2,127,2621.145610570908,,0.0130585245788097,0.0134490262717008,,0.0113390795886516,0.0115036750212311,0.0124810440465807,0.0128871416673064,0.0365546233952045,0.031286384910345,,,
main,NB02,0.5,fPINN,175,2,113,2335.7272324562077,,0.0123672569170594,0.0124605307355523,,0.0105600543320178,0.0105962129309773,0.0100348545238375,0.0100814774632453,0.0317513681948185,0.0261553972959518,0.478329062461853,0.0543536357581615,"[0.0562, 0.0532, 0.0537]"
main,NB02,0.5,fHYBRID,175,2,54,1095.367947101593,,0.0123361842706799,0.0128227602690458,,0.0104629267007112,0.0102986879646778,0.0097951078787446,0.0097198318690061,0.0596079155802726,0.0596269518136978,0.5101730227470398,0.0585421808063983,"[0.0597, 0.0579, 0.058]"
main,NB04,0.5,MLP,175,3,129,86.1715886592865,5251.0,0.0140903824940323,0.0143309189006686,0.0,0.0120143797248601,0.0126587692648172,0.0143470875918865,0.0153676718473434,0.1008221954107284,0.1084272712469101,,,
main,NB04,0.5,HYBRID,175,3,59,39.24255633354187,5251.0,0.0131420399993658,0.0138948634266853,0.0,0.0110800843685865,0.0109958443790674,0.01222659740597,0.0121614355593919,0.060849592089653,0.060879185795784,,,
main,NB04,0.5,PINN,175,3,128,138.3412685394287,5966.0,0.0131652671843767,0.0134510602802038,0.0,0.0116054322570562,0.0121467383578419,0.0129797905683517,0.0133111886680126,0.0405321642756462,0.0374679863452911,,,
main,NB04,0.5,fPINN,175,3,104,137.73683667182922,5970.0,0.0123744383454322,0.0125874513760209,0.0122525561600923,0.0108439978212118,0.0110845873132348,0.0109217623248696,0.0109491785988211,0.0437296740710735,0.0380553342401981,0.4957367479801178,0.0560365244746208,"[0.0582, 0.0543, 0.0556]"
main,NB04,0.5,fHYBRID,175,3,74,66.66343307495117,5255.0,0.0123316831886768,0.0127875208854675,0.0127925341948866,0.0104320654645562,0.0102887293323874,0.0095275975763797,0.009455488063395,0.0568313263356685,0.0567909814417362,0.5063334107398987,0.0582728038231531,"[0.0597, 0.0577, 0.0575]"
main,NB04,0.5,MLP,175,4,150,99.6168601512909,5251.0,0.0138504691421985,0.0142420846968889,0.0,0.0115931564942002,0.0120289083570241,0.0136873014271259,0.0141234947368502,0.108038492500782,0.0997746363282203,,,
main,NB04,0.5,HYBRID,175,4,49,32.90924119949341,5251.0,0.0131540857255458,0.0138733703643083,0.0,0.0111550278961658,0.0109870480373501,0.0123873865231871,0.0122948195785284,0.0600778013467788,0.060135181993246,,,
main,NB04,0.5,PINN,175,4,106,113.80815720558168,5966.0,0.0131791206076741,0.0134070804342627,0.0,0.0115089593455195,0.0115729672834277,0.0123652266338467,0.0124181406572461,0.0381939746439456,0.0343762002885341,,,
main,NB04,0.5,fPINN,175,4,130,172.01323556900024,5970.0,0.0123669607564806,0.0124600501731038,0.0118284467607736,0.0105713214725255,0.0107624111697077,0.0099083511158823,0.0099153127521276,0.0337072871625423,0.0280694123357534,0.4799188375473022,0.0544225946068763,"[0.0561, 0.0535, 0.0536]"
main,NB04,0.5,fHYBRID,175,4,49,44.037410259246826,5255.0,0.0123199289664626,0.0127479443326592,0.0127179883420467,0.0105492984876036,0.0103907622396945,0.0098470840603113,0.0097822491079568,0.0580404549837112,0.0580869652330875,0.5109434723854065,0.0578138617177804,"[0.0592, 0.0571, 0.0572]"
main,NB02,0.5,MLP,35,0,150,829.967093706131,,0.0247092600911855,0.0289022736251354,,0.0220831390470266,0.0280014984309673,0.0349205546081066,0.0377749353647232,0.1677644401788711,0.1893249601125717,,,
main,NB02,0.5,HYBRID,35,0,117,674.4237744808197,,0.0143569353967905,0.014749995432794,,0.0116710616275668,0.011811283417046,0.013937858864665,0.0134290130808949,0.0631297007203102,0.0625670626759529,,,
main,NB02,0.5,PINN,35,0,150,887.5272817611694,,0.0158547721803188,0.0167485028505325,,0.0148172779008746,0.0171187240630388,0.0183671917766332,0.021259730681777,0.0633312165737152,0.0486165061593055,,,
main,NB02,0.5,fPINN,35,0,150,868.7072722911835,,0.0165447369217872,0.0171665884554386,,0.0160603430122137,0.0179827772080898,0.0175478253513574,0.0197328552603721,0.0726942420005798,0.0567670986056327,0.5935105085372925,0.062221893419822,"[0.0527, 0.067, 0.067]"
main,NB02,0.5,fHYBRID,35,0,137,774.8837058544159,,0.0135021656751632,0.0135449236258864,,0.0113696679472923,0.0116317942738533,0.0125528872013092,0.0125294420868158,0.0668620392680168,0.0665183886885643,0.51178377866745,0.0568811347087224,"[0.0494, 0.0631, 0.0581]"
main,NB02,0.5,MLP,35,1,150,828.2006387710571,,0.0238995160907506,0.0270783398300409,,0.0219987221062183,0.0284074284136295,0.0338621102273464,0.046307448297739,0.1994669586420059,0.1702886223793029,,,
main,NB02,0.5,HYBRID,35,1,115,636.5143291950226,,0.0143948625773191,0.0148062855005264,,0.0124848475679755,0.0125307664275169,0.0145725635811686,0.0144505761563777,0.0666749328374862,0.0672985762357711,,,
main,NB02,0.5,PINN,35,1,150,891.6444420814514,,0.0169213805347681,0.0181946940720081,,0.0170915555208921,0.0206424091011285,0.0213437564671039,0.0254299379885196,0.1194807663559913,0.1269984245300293,,,
main,NB02,0.5,fPINN,35,1,150,926.339057445526,,0.0198753364384174,0.0206490419805049,,0.0237034168094396,0.0279065500944852,0.0302411336451768,0.0362156182527542,0.1060367301106453,0.10377798974514,0.6048647165298462,0.0775067930420239,"[0.0848, 0.0806, 0.0672]"
main,NB02,0.5,fHYBRID,35,1,119,696.9361536502838,,0.0134229827672243,0.0135094644501805,,0.0114287585020065,0.0115704257041215,0.0125237889587879,0.0124375699087977,0.0657961666584014,0.065279446542263,0.5570269227027893,0.0589199314514795,"[0.0498, 0.0658, 0.0612]"
main,NB02,0.5,MLP,35,2,150,870.2758748531342,,0.0252136457711458,0.0282952357083559,,0.0255306884646415,0.0277472808957099,0.0397580377757549,0.0429469309747219,0.1798355877399444,0.2028218060731887,,,
main,NB02,0.5,HYBRID,35,2,94,7578.488123178482,,0.0143075203523039,0.0148737067356705,,0.0120420660823583,0.0122612742707133,0.0151408016681671,0.0148095963522791,0.0680191218852996,0.0675937086343765,,,
main,NB02,0.5,PINN,35,2,150,880.9668548107147,,0.0178550630807876,0.0180077087134122,,0.018217284232378,0.0210059378296136,0.0219063702970743,0.0238402169197797,0.0986832678318023,0.0738622918725013,,,
main,NB02,0.5,fPINN,35,2,150,875.0950176715851,,0.0151411993429064,0.0152196660637855,,0.0138363996520638,0.0164838004857301,0.0157770030200481,0.0178480483591556,0.0762361288070678,0.0595612563192844,0.537186324596405,0.0558463645478089,"[0.0465, 0.0641, 0.0569]"
main,NB02,0.5,fHYBRID,35,2,126,723.499564409256,,0.0133975772187113,0.013475039973855,,0.0113479364663362,0.0115436278283596,0.0124553497880697,0.0123336743563413,0.0656937286257743,0.0651715546846389,0.5458064079284668,0.0584078642229239,"[0.0502, 0.0643, 0.0607]"
main,NB04,0.5,MLP,35,3,150,21.846704483032227,5251.0,0.0234924610704183,0.0277235526591539,0.0,0.0204699989408254,0.0249267369508743,0.0309852268546819,0.0328628830611705,0.1845013499259948,0.1473624408245086,,,
main,NB04,0.5,HYBRID,35,3,121,17.047860860824585,5251.0,0.01435237377882,0.0148132508620619,0.0,0.0118686780333518,0.0121867032721638,0.0140790455043315,0.0139912357553839,0.0638909861445427,0.0636774897575378,,,
main,NB04,0.5,PINN,35,3,150,35.8106107711792,5966.0,0.0160190314054489,0.0169791802763938,0.0,0.0145046794787049,0.0174583308398723,0.0182333290576934,0.0219394154846668,0.0581127554178237,0.0759017840027809,,,
main,NB04,0.5,fPINN,35,3,150,44.91964864730835,5970.0,0.0164626222103834,0.0172848850488662,0.0143766924738883,0.0169810857623815,0.0212178323417902,0.0189215149730443,0.0246029291301965,0.0745684877038002,0.081204354763031,0.567318856716156,0.0627587089935938,"[0.0519, 0.0748, 0.0616]"
main,NB04,0.5,fHYBRID,35,3,113,22.81255388259888,5255.0,0.0133960247039794,0.0135369375348091,0.0135236866772174,0.0113882906734943,0.0114475879818201,0.0122954323887825,0.0122246798127889,0.0639722272753715,0.0636673346161842,0.5640036463737488,0.0593516466518243,"[0.0505, 0.0667, 0.0609]"
main,NB04,0.5,MLP,35,4,150,21.251436233520508,5251.0,0.0211868211627006,0.0237896889448165,0.0,0.0188142508268356,0.0246876776218414,0.0287165157496929,0.0311207603663206,0.1541541665792465,0.1828520596027374,,,
main,NB04,0.5,HYBRID,35,4,137,19.384912967681885,5251.0,0.0143221989274024,0.0147363916039466,0.0,0.0119622815400362,0.0120101990178227,0.0143843814730644,0.0138288689777255,0.0664695873856544,0.0667295977473259,,,
main,NB04,0.5,PINN,35,4,150,36.51172113418579,5966.0,0.0217569265514612,0.0225595962256193,0.0,0.0232294928282499,0.025363864377141,0.0269352011382579,0.0321141630411148,0.0859841406345367,0.0917098745703697,,,
main,NB04,0.5,fPINN,35,4,150,49.93952822685242,5970.0,0.0225231014192104,0.023675275966525,0.0206854250282049,0.0265229661017656,0.0266213547438383,0.0315564088523387,0.0345268957316875,0.079071968793869,0.0841482207179069,0.6067271828651428,0.0885024766127268,"[0.0838, 0.0852, 0.0965]"
main,NB04,0.5,fHYBRID,35,4,137,27.014392137527462,5255.0,0.0134214889258146,0.0134847881272435,0.0129330083727836,0.0113366311416029,0.0114735420793294,0.0125520573928952,0.0123915271833539,0.0673273801803588,0.0668184459209442,0.5338897705078125,0.0577376013000806,"[0.0497, 0.064, 0.0596]"
main,NB04,0.5,PINN,175,5,111,119.49217462539671,5966.0,0.0131653072312474,0.0133774382993578,0.0,0.0114874076098203,0.0113980378955602,0.0125682968646287,0.0129126878455281,0.0349957384169101,0.0310544371604919,,,
main,NB04,0.5,fPINN,175,5,111,146.71058797836304,5970.0,0.0124601870775222,0.0124993752688169,0.0118952188640832,0.0107143064960837,0.0106799034401774,0.0104036256670951,0.010350301861763,0.0328619219362735,0.02868496440351,0.481341689825058,0.0546869610746701,"[0.0559, 0.0537, 0.0545]"
main,NB04,0.5,PINN,175,6,128,138.38164234161377,5966.0,0.0130691165104508,0.0134574975818395,0.0,0.0115236956626176,0.0117246154695749,0.0125399576500058,0.0130300316959619,0.0344753712415695,0.0336087718605995,,,
main,NB04,0.5,fPINN,175,6,128,170.9568898677826,5970.0,0.0122979674488306,0.0124876229092478,0.0120152812451124,0.0106292087584733,0.0108145708218216,0.0099684903398156,0.0106134489178657,0.0285332482308149,0.029195362702012,0.4820020198822021,0.0552489658196767,"[0.057, 0.0545, 0.0542]"
main,NB04,0.5,PINN,175,7,126,136.14653539657593,5966.0,0.0130856549367308,0.0134427789598703,0.0,0.0113367848098278,0.0115824826061725,0.0128304781392216,0.0129476888105273,0.0348135642707347,0.0321210362017154,,,
main,NB04,0.5,fPINN,175,7,118,156.0070538520813,5970.0,0.0122956028208136,0.0124814193695783,0.0120893502607941,0.0105025339871644,0.0107007343322038,0.0104348855093121,0.0108260754495859,0.0358364582061767,0.0314736291766166,0.4856834411621094,0.055510918299357,"[0.0578, 0.0541, 0.0546]"
main,NB04,0.5,PINN,175,8,140,152.2223923206329,5966.0,0.0130945276468992,0.0134498607367277,0.0,0.0115078343078494,0.0121077224612236,0.0126371420919895,0.0129072228446602,0.0444481708109378,0.0383452922105789,,,
main,NB04,0.5,fPINN,175,8,150,199.6578278541565,5970.0,0.0123090362176299,0.0125714978203177,0.012019170448184,0.0105368969962,0.0108264116570353,0.0098848082125186,0.0102781830355525,0.0357823371887207,0.030016453936696,0.4829025268554687,0.055245541036129,"[0.0573, 0.0541, 0.0543]"
main,NB04,0.5,PINN,175,9,139,150.6336350440979,5966.0,0.0131464637815952,0.0134079027920961,0.0,0.0114305820316076,0.0113598089665174,0.0124276932328939,0.0126064047217369,0.038219716399908,0.0333924181759357,,,
main,NB04,0.5,fPINN,175,9,139,185.45710253715515,5970.0,0.0123731754720211,0.0125039480626583,0.0121394749730825,0.0107780452817678,0.0106814298778772,0.0100424718111753,0.0100093204528093,0.0367694720625877,0.0323676578700542,0.4874774813652038,0.055713349332412,"[0.0564, 0.0563, 0.0544]"
bv0,NB04,0.5,PINN,175,0,134,147.60017585754397,5966.0,0.0130479866638779,0.0133610144257545,0.0,0.0113949533551931,0.0118551515042781,0.0126751037314534,0.0130941327661275,0.0407286249101161,0.0366926826536655,,,
bv0,NB04,0.5,HYBRID,175,0,66,44.016132831573486,5251.0,0.0130790574476122,0.0137986168265342,0.0,0.0109458118677139,0.0108507042750716,0.0121226962655782,0.0120685063302516,0.0637450218200683,0.0636616349220275,,,
bv0,NB04,0.5,fPINN,175,0,117,156.30120587348938,5970.0,0.0122731542214751,0.0124887889251112,0.0118873417377471,0.0104368384927511,0.0108305970206856,0.0100279310718178,0.0104614607989788,0.0330537185072898,0.0298022758215665,0.4799932837486267,0.0546957664191722,"[0.0573, 0.0532, 0.0535]"
bv0,NB04,0.5,fHYBRID,175,0,92,83.91923403739929,5255.0,0.0123666487634181,0.0128380320966243,0.0122884502634406,0.0105086732655763,0.0104476455599069,0.0097782500088214,0.0097696669399738,0.0598102360963821,0.0597123987972736,0.4875202476978302,0.0563832235833009,"[0.0579, 0.0554, 0.0558]"
bv0,NB04,0.5,PINN,175,1,141,152.52427124977112,5966.0,0.0131333656609058,0.0132916597649455,0.0,0.0114760268479585,0.0117765367031097,0.0120699116960167,0.0124524319544434,0.0370351821184158,0.0306204129010438,,,
bv0,NB04,0.5,HYBRID,175,1,68,45.6059844493866,5251.0,0.0130704846233129,0.0137937255203723,0.0,0.0110540920868515,0.0109636858105659,0.0122048864141106,0.0119993155822157,0.0624283514916896,0.0623059161007404,,,
bv0,NB04,0.5,fPINN,175,1,139,185.00519514083865,5970.0,0.0126417223364114,0.0127974618226289,0.0120511539280414,0.0111641949042677,0.0113707184791564,0.0103712445124983,0.0104568973183631,0.0418572425842285,0.0342192389070987,0.4830186367034912,0.0553767457604408,"[0.0579, 0.0535, 0.0547]"
bv0,NB04,0.5,fHYBRID,175,1,68,61.91161894798279,5255.0,0.0124112041667103,0.0129780769348144,0.0126676820218563,0.0103484112769365,0.0104151843115687,0.0093892905861139,0.0093697383999824,0.0600767768919467,0.0599726103246212,0.4949848651885986,0.0579812650879224,"[0.0588, 0.0589, 0.0563]"
bv0,NB04,0.5,PINN,175,2,113,122.6424117088318,5966.0,0.0130815189331769,0.0132612520828843,0.0,0.011287965811789,0.011283453553915,0.0120701035484671,0.012362340465188,0.038065280765295,0.0329035259783268,,,
bv0,NB04,0.5,HYBRID,175,2,54,35.56858777999878,5251.0,0.0130873145535588,0.0138337146490812,0.0,0.0108934547752141,0.0107951033860445,0.0119522493332624,0.0118752950802445,0.0640547052025795,0.0639973804354667,,,
bv0,NB04,0.5,fPINN,175,2,146,194.0606083869934,5970.0,0.0123139042407274,0.0124657480046153,0.0116367507725954,0.0105771943926811,0.010461957193911,0.0099447397515177,0.0098766898736357,0.0326064378023147,0.026306889951229,0.4718618988990783,0.0536772410074869,"[0.0552, 0.0528, 0.053]"
bv0,NB04,0.5,fHYBRID,175,2,65,59.2218554019928,5255.0,0.0123685980215668,0.0128981946036219,0.0124300243332982,0.0106145087629556,0.0105097126215696,0.0097824027761816,0.0097151100635528,0.0590338036417961,0.0590169914066791,0.4873515367507934,0.057040466616551,"[0.0584, 0.0564, 0.0563]"
noise,NB04,0.5,PINN,175,0,117,127.29921245574953,5966.0,0.0165746267884969,0.018070712685585,0.0,0.0128769055008888,0.0166204795241355,0.0164339952170848,0.0234463457018136,0.0675112605094909,0.0962067618966102,,,
noise,NB04,0.5,HYBRID,175,0,66,44.24382138252258,5251.0,0.0166280325502157,0.0184177812188863,0.0,0.0126427495852112,0.0161311533302068,0.0163876749575138,0.0231902971863746,0.0736200287938118,0.1049718186259269,,,
noise,NB04,0.5,fPINN,175,0,143,189.6581346988678,5970.0,0.0158551316708326,0.0172250885516405,0.0155509794130921,0.0121516669169068,0.0161841344088315,0.0143442479893565,0.0219566635787487,0.058643415570259,0.0918447077274322,0.5796952247619629,0.0680976286530494,"[0.0711, 0.0667, 0.0665]"
noise,NB04,0.5,fHYBRID,175,0,121,111.77649760246275,5255.0,0.0159234385937452,0.0174790956079959,0.0151337441056966,0.0120361363515257,0.0157381761819124,0.013836495578289,0.0214205887168645,0.0720306262373924,0.103421963751316,0.5636782646179199,0.0669356361031532,"[0.0687, 0.066, 0.0662]"
noise,NB04,0.5,PINN,175,1,143,155.67199683189392,5966.0,0.0166718214750289,0.0179555099457502,0.0,0.0129045248031616,0.0166568867862224,0.0159412156790494,0.0231080371886491,0.0659827589988708,0.0978441908955574,,,
noise,NB04,0.5,HYBRID,175,1,65,44.105549812316895,5251.0,0.0166090186685323,0.0184508524835109,0.0,0.0125885941088199,0.0161131918430328,0.0160016492009162,0.0229485835880041,0.0720623955130577,0.1038365438580513,,,
noise,NB04,0.5,fPINN,175,1,150,198.60745668411252,5970.0,0.0159421246498823,0.0171623788774013,0.0150470333173871,0.0124759655445814,0.016233442351222,0.0140928113833069,0.0215515047311782,0.0583900138735771,0.092047706246376,0.5685815215110779,0.0663224359353383,"[0.0673, 0.0649, 0.0668]"
noise,NB04,0.5,fHYBRID,175,1,93,84.4821126461029,5255.0,0.0158981867134571,0.0174695029854774,0.015059090219438,0.0120658976957201,0.0157484337687492,0.0138958171010017,0.0214437823742628,0.0695895329117775,0.1018179208040237,0.5625545382499695,0.0666420732935269,"[0.0679, 0.0658, 0.0663]"
noise,NB04,0.5,PINN,175,2,150,163.8228681087494,5966.0,0.0165811628103256,0.0179330091923475,0.0,0.0127252656966447,0.016379440203309,0.0157432705163955,0.0230109095573425,0.0609617047011852,0.0917218029499054,,,
noise,NB04,0.5,HYBRID,175,2,108,73.446457862854,5251.0,0.0166366044431924,0.0184290837496519,0.0,0.0126514341682195,0.0161399040371179,0.016352642327547,0.0231204144656658,0.0741735324263572,0.1053326278924942,,,
noise,NB04,0.5,fPINN,175,2,133,177.24946093559265,5970.0,0.0159200932830572,0.0171608664095401,0.0148288505151867,0.0122421821579337,0.0160768423229455,0.0142841525375843,0.0217323843389749,0.056552704423666,0.0903529301285743,0.5618875026702881,0.065661517282327,"[0.0674, 0.0648, 0.0647]"
noise,NB04,0.5,fHYBRID,175,2,54,48.556042194366455,5255.0,0.0159367267042398,0.0174985248595476,0.0151654230430722,0.0120269088074564,0.0156799089163541,0.013816469348967,0.0214308984577655,0.0710965991020202,0.1029532924294471,0.5663095116615295,0.0669504627585411,"[0.0681, 0.0658, 0.067]"
sweep,NB02,0.3,PINN,175,0,90,1850.0234928131104,,0.0136457215994596,0.013998725451529,,0.0119389593601226,0.012510978616774,0.0133019620552659,0.0137006733566522,0.0435981974005699,0.0361059941351413,,,
sweep,NB02,0.3,HYBRID,175,0,66,1310.576008796692,,0.0136205861344933,0.0143374074250459,,0.0108078978955745,0.0107181156054139,0.0117798661813139,0.0117619456723332,0.0600821077823638,0.0601330213248729,,,
sweep,NB02,0.3,fPINN,175,0,114,2381.5611674785614,,0.0123400809243321,0.0125605016946792,,0.0105612017214298,0.0108670834451913,0.0105493823066353,0.010983558371663,0.0357046723365783,0.032797422260046,0.3112234771251678,0.05575584496061,"[0.0577, 0.0542, 0.0554]"
sweep,NB02,0.3,fHYBRID,175,0,82,1666.6957461833954,,0.0123635157942771,0.0127999074757099,,0.010422489605844,0.0102734398096799,0.009515936486423,0.0094212861731648,0.0579047910869121,0.0578707940876483,0.3259232640266418,0.0575074988106886,"[0.0588, 0.0563, 0.0574]"
sweep,NB04,0.3,PINN,175,1,141,153.70746636390686,5966.0,0.0137093355879187,0.0139176193624734,0.0,0.011627429164946,0.0120982965454459,0.0122140422463417,0.0125394146889448,0.0375475250184536,0.0298628192394971,,,
sweep,NB04,0.3,HYBRID,175,1,68,45.353344440460205,5251.0,0.013653302565217,0.0143918190151453,0.0,0.0108972238376736,0.0107576642185449,0.0118164950981736,0.0114961909130215,0.0611695572733879,0.0611513555049896,,,
sweep,NB04,0.3,fPINN,175,1,141,187.2497158050537,5970.0,0.0124351577833294,0.0124193998053669,0.011932298541069,0.0109163271263241,0.0109461331740021,0.0101328892633318,0.0099111013114452,0.0340085849165916,0.0259492993354797,0.3100328147411346,0.0553363859653472,"[0.0563, 0.0539, 0.0558]"
sweep,NB04,0.3,fHYBRID,175,1,42,37.63404941558838,5255.0,0.0123503850772976,0.0129245454445481,0.0126370657235383,0.0105756819248199,0.0104330275207757,0.0098808640614151,0.0098031051456928,0.0542457848787307,0.0542452111840248,0.3372762203216553,0.0589221765597661,"[0.0597, 0.0583, 0.0588]"
sweep,NB04,0.3,PINN,175,2,133,145.59929132461548,5966.0,0.0136559205129742,0.0138295628130435,0.0,0.0114068193361163,0.0116697205230593,0.0122360093519091,0.0125535717234015,0.0372795909643173,0.0314866639673709,,,
sweep,NB04,0.3,HYBRID,175,2,67,45.07516121864319,5251.0,0.0136583670973777,0.0143681457266211,0.0,0.0107888979837298,0.0106668146327137,0.0116265611723065,0.0114711597561836,0.0607993304729461,0.060923870652914,,,
sweep,NB04,0.3,fPINN,175,2,127,169.869398355484,5970.0,0.0123422918841242,0.0124204279854893,0.0118940016254782,0.0105590336024761,0.0105785503983497,0.0100675700232386,0.0100864600390195,0.032577745616436,0.026581285521388,0.3040429651737213,0.0550946506361166,"[0.0563, 0.0538, 0.0552]"
sweep,NB04,0.3,fHYBRID,175,2,77,71.31967496871948,5255.0,0.0123574519529938,0.0127980224788188,0.0123469680547714,0.0105177452787756,0.0103524597361683,0.0098111992701888,0.0097140418365597,0.0576604418456554,0.0576877892017364,0.3255203366279602,0.0574592339495817,"[0.0585, 0.0564, 0.0575]"
sweep,NB02,0.7,PINN,175,0,143,2984.433303117752,,0.0127657204866409,0.0130106564611196,,0.0112002687528729,0.011436496861279,0.0123169990256428,0.0128374462947249,0.0395908094942569,0.03284377977252,,,
sweep,NB02,0.7,HYBRID,175,0,66,1426.619512796402,,0.012776511721313,0.0133770471438765,,0.0109087927266955,0.0107818394899368,0.0118658067658543,0.0118926428258419,0.0577269047498703,0.057819340378046,,,
sweep,NB02,0.7,fPINN,175,0,122,2731.20303440094,,0.0122774941846728,0.01253592222929,,0.0105379847809672,0.0108621008694171,0.0104706827551126,0.0109090553596615,0.0345023833215236,0.0310722310096025,0.6897874474525452,0.0574498499433199,"[0.0613, 0.0555, 0.0555]"
sweep,NB02,0.7,fHYBRID,175,0,75,1603.395306348801,,0.0123282121494412,0.0127555932849645,,0.0104294400662183,0.0102822314947843,0.0096429018303751,0.0095329964533448,0.0566998906433582,0.0566473565995693,0.6919336915016174,0.0592771073182423,"[0.0614, 0.0581, 0.0584]"
sweep,NB04,0.7,PINN,175,1,118,128.5128517150879,5966.0,0.0128035116940736,0.0129636460915207,0.0,0.0112857157364487,0.0113716199994087,0.0120145166292786,0.0120499385520815,0.0383240543305873,0.0323898866772651,,,
sweep,NB04,0.7,HYBRID,175,1,70,47.154680490493774,5251.0,0.0127811413258314,0.0134647088125348,0.0,0.0109458426013588,0.0107799312099814,0.011778580956161,0.0117392716929316,0.0591736398637294,0.0592961683869361,,,
sweep,NB04,0.7,fPINN,175,1,141,188.3884029388428,5970.0,0.0124223921447992,0.0124210603535175,0.0128611735999584,0.0109314192086458,0.0109663279727101,0.0103052286431193,0.0099002532660961,0.0335354544222354,0.02639926597476,0.6597253680229187,0.0529450985292593,"[0.0539, 0.0514, 0.0535]"
sweep,NB04,0.7,fHYBRID,175,1,65,58.13199043273926,5255.0,0.0122961048036813,0.0127865923568606,0.0148190287873148,0.0104215843603014,0.0102628916501998,0.0094916336238384,0.0094155725091695,0.0557351559400558,0.0557699315249919,0.6921180486679077,0.059250754614671,"[0.0608, 0.0584, 0.0586]"
sweep,NB04,0.7,PINN,175,2,142,155.1536042690277,5966.0,0.012726042419672,0.0130213219672441,0.0,0.0109947910532355,0.0111891748383641,0.0119260363280773,0.0122586181387305,0.0388045720756053,0.0327970050275325,,,
sweep,NB04,0.7,HYBRID,175,2,54,35.978904724121094,5251.0,0.0127933351323008,0.0134222665801644,0.0,0.0109661575406789,0.0107750119641423,0.0119949150830507,0.0119198728352785,0.0602091439068317,0.0602964609861373,,,
sweep,NB04,0.7,fPINN,175,2,113,149.80001068115234,5970.0,0.0123688001185655,0.0124572347849607,0.0122971897944808,0.0105667235329747,0.0106077594682574,0.0100618312135338,0.0100852157920598,0.0315750949084758,0.0259122289717197,0.6453649997711182,0.051274632414182,"[0.0535, 0.0502, 0.0501]"
sweep,NB04,0.7,fHYBRID,175,2,54,48.6624858379364,5255.0,0.0123092466965317,0.0128080220893025,0.014866798184812,0.0103710172697901,0.0102274725213646,0.0095753101631999,0.0095259714871644,0.0589259266853332,0.0589619427919387,0.6932205557823181,0.0593796384831269,"[0.0606, 0.0586, 0.0589]"
sweep,NB02,0.9,PINN,175,0,117,2524.1252932548523,,0.0124456044286489,0.0126367313787341,,0.010791034437716,0.0110391024500131,0.0111371958628296,0.0116926357150077,0.0368654988706111,0.030072696506977,,,
sweep,NB02,0.9,HYBRID,175,0,66,1381.8061912059784,,0.012451047077775,0.0129860313609242,,0.010623974725604,0.0104227485135197,0.0108262449502944,0.0108160870149731,0.0564569942653179,0.0565621778368949,,,
sweep,NB02,0.9,fPINN,175,0,150,3209.258421897888,,0.0122700380161404,0.0125062894076108,,0.0105275101959705,0.0108832493424415,0.0100465519353747,0.0106086246669292,0.033718541264534,0.027980588376522,0.8721688389778137,0.0568607759972413,"[0.0635, 0.0527, 0.0544]"
sweep,NB02,0.9,fHYBRID,175,0,92,1942.877962350845,,0.0123340301215648,0.0127659933641552,,0.0103381276130676,0.0102231632918119,0.0096963346004486,0.0096208779141306,0.0573087446391582,0.0572812557220459,0.8436726927757263,0.050873540341854,"[0.0531, 0.0489, 0.0506]"
sweep,NB04,0.9,PINN,175,1,118,129.40324354171753,5966.0,0.0124816233292222,0.0125667955726385,0.0,0.0109263313934206,0.0109837157651782,0.0109638702124357,0.0108012938871979,0.0372396595776081,0.0314429327845573,,,
sweep,NB04,0.9,HYBRID,175,1,65,42.82173728942871,5251.0,0.0124537730589509,0.0130252065137028,0.0,0.0105070145800709,0.0103315114974975,0.0103875966742634,0.0104067660868167,0.0557231903076171,0.0558606721460819,,,
sweep,NB04,0.9,fPINN,175,1,135,179.36135530471802,5970.0,0.0123498579487204,0.0124091450124979,0.0133520374074578,0.010744540952146,0.0108639579266309,0.0100538972765207,0.0100606214255094,0.0333988480269908,0.0252964869141578,0.8407840728759766,0.0450492575764656,"[0.0464, 0.0427, 0.046]"
sweep,NB04,0.9,fHYBRID,175,1,93,83.84780406951904,5255.0,0.0123219294473528,0.0128107536584138,0.0135680167004466,0.0103431856259703,0.0101994602009654,0.0093474872410297,0.0092431902885437,0.0552595481276512,0.055242583155632,0.8256045579910278,0.0467064591745535,"[0.0489, 0.0455, 0.0457]"
sweep,NB04,0.9,PINN,175,2,127,137.45231127738953,5966.0,0.0123611576855182,0.0126013308763504,0.0,0.010587784461677,0.0107398750260472,0.0107079669833183,0.0111476760357618,0.0347667001187801,0.0292004961520433,,,
sweep,NB04,0.9,HYBRID,175,2,77,52.56698036193848,5251.0,0.0124554019421339,0.0129867848008871,0.0,0.0105807716026902,0.0103788701817393,0.0107030747458338,0.0106423897668719,0.0572744756937027,0.0573996342718601,,,
sweep,NB04,0.9,fPINN,175,2,127,167.26985096931458,5970.0,0.0123404860496521,0.0124107562005519,0.0126923490315675,0.0105689577758312,0.010610501281917,0.0101577360183,0.0101123545318841,0.032450683414936,0.0259005818516016,0.8335861563682556,0.0431832820177078,"[0.0468, 0.0414, 0.0414]"
sweep,NB04,0.9,fHYBRID,175,2,77,70.10220170021057,5255.0,0.0123269278556108,0.0127798924222588,0.0147667303681373,0.0103966621682047,0.0102362614125013,0.0096712978556752,0.0095725758001208,0.0579458735883235,0.058020245283842,0.8392734527587891,0.049974308659633,"[0.0508, 0.0487, 0.0504]"
