Kind,Scenario,Trajectories,Seed,alpha hat,Memory RMS all (mN m),Memory RMS a<0.975 (mN m),Memory RMS a=0.975 (mN m),Memory RMS a<0.9 (mN m),Memory RMS a>=0.9 (mN m),Memory RMS a=1 (mN m),Gain frac all,Gain visc all,Gain other all,Residual all (mN m),Error vs true frac all (mN m),Gain frac a<0.9,Gain visc a<0.9,Gain other a<0.9,Residual a<0.9 (mN m),Error vs true frac a<0.9 (mN m),Gain frac a>=0.9,Gain visc a>=0.9,Gain other a>=0.9,Residual a>=0.9 (mN m),Error vs true frac a>=0.9 (mN m),Wm a=0.975,Wm a=1
PINNmem,hist,175,0,,39.50188371697862,32.97866567184483,7.049610792579257,12.71913494520506,28.608160621105892,0.0,1.1384887031505249,1.5315414581390547,-0.0020587883889236678,0.7290908163444062,31.77826044073382,0.8134636504110526,0.2597862829250666,-0.00415374161141073,1.397551624528053,4.332086736084548,0.3250250527394718,1.2717551752139882,0.0020949532224870207,1.4462953705914607,23.040088419988567,"[0.0312, 0.0085, 0.0089]","[0.0, 0.0, 0.0]"
PINNmem,hist,175,1,,55.17655059462105,44.37687546219207,12.39503679623145,14.249167208552615,44.924837968248674,0.0,1.1761686339427886,2.3106414714314685,-0.002329576354910564,0.9772787373518093,47.71358214747929,0.6893328150079067,0.3942277323664218,-0.005781371053929868,2.025752143106304,7.573333452882942,0.4868358189348818,1.9164137390650466,0.0034517946990192394,2.2410560395888712,38.93596051735113,"[0.0459, -0.0079, 0.0367]","[0.0, 0.0, 0.0]"
PINNmem,hist,175,2,,51.3942605474233,41.152621985209336,13.004711830332715,15.518442334127338,43.66811262295348,0.0,1.170394117029783,1.9063150835613707,-0.0024442419827056527,0.8492641028767814,44.5512719133109,0.7686096922045563,0.400411836115582,-0.005135028765330188,1.9695916740719,8.481464528228944,0.40178442482522686,1.5059032474457894,0.002690786782624429,2.1087578882219566,39.23247464060132,"[0.0608, -0.0106, 0.0005]","[0.0, 0.0, 0.0]"
PINNmem,hist,175,3,,32.8864545225976,29.995532253912497,3.9731694116456233,14.870867761010409,19.76664025214246,0.0,1.1507209303433739,1.1709569009748038,-0.001844543698513353,0.641672721284996,24.932043984505,0.9128563225508554,0.33950864182766877,-0.003418089146805192,1.089383970365812,5.847586209037311,0.23786460779251828,0.8314482591471348,0.001573545448291691,1.0574189440116406,15.417743644660842,"[0.0185, -0.0026, 0.0022]","[0.0, 0.0, 0.0]"
PINNmem,hist,175,4,,45.76323835701299,37.13958080860422,10.20752588690881,13.547530101983027,36.74105678506588,0.0,1.1592729236146149,1.7910480877416806,-0.002379595782895668,0.7584220291557305,38.34251006110479,0.7769303241290347,0.3081465484665307,-0.004938656812351523,1.787567869876717,6.115219851111292,0.3823425994855783,1.4829015392751514,0.0025590610294561147,1.8083471511361702,31.493957946698256,"[0.0472, -0.0022, 0.0108]","[0.0, 0.0, 0.0]"
PINNmem,hist,35,0,,83.0622223821231,63.24354646263923,20.29528300317801,23.644587427074466,61.703453709161586,0.0,1.8293258376115211,3.5018536892757215,0.009558154889377057,5.070806817248138,75.23796655821542,1.203487903799143,0.6626892797632484,0.005265133347942884,2.960679686528511,14.7651976625241,0.6258379338123788,2.8391644095124735,0.004293021541433924,2.943843916743909,55.04308184997269,"[0.0382, 0.0373, 0.0824]","[0.0, 0.0, 0.0]"
PINNmem,hist,35,0,,52.70536273937882,51.75753518438183,1.1412523379190795,47.69704788063791,5.598025372915779,0.0,2.8127130546263728,1.392347430785671,0.02539002645661507,9.149956312163837,43.0670239095298,2.7436158074377217,1.1322414714976368,0.024912147486399434,8.886378063217183,37.90536470491402,0.06909724718865187,0.26010595928803415,0.0004778789702157282,0.3015720278555936,8.148205979769866,"[0.0018, 0.0019, 0.0048]","[0.0, 0.0, 0.0]"
PINNmem,hist,35,1,,29.057886932786637,21.31720999604741,8.568753697493655,9.798255627601025,25.063940202363316,0.0,1.3358565627324868,0.7863355730188702,0.0011808965064066049,2.4521219839855855,20.893768950590953,1.0924379994297029,-0.3423601347223824,-0.0005073800654921412,2.4725630512254093,6.5712156938568835,0.2434185633027837,1.128695707741253,0.0016882765718987947,1.1582033075415692,19.82839395012738,"[0.0297, 0.0103, 0.0264]","[0.0, 0.0, 0.0]"
PINNmem,hist,35,2,,16.563091998992288,12.711289220674926,5.870138139230263,10.931807089070777,16.722265345774193,0.0,1.1026534764817641,0.211401493175872,-0.00039556949189574014,1.7679447345292951,8.408151505303024,0.9583384976330843,-0.4605327983709829,-0.0014072032848899175,2.044368027867688,11.269487985114475,0.14431497884867958,0.6719342915468548,0.001011633792994196,0.7513146519953758,13.727657586517092,"[0.0249, 0.002, 0.0125]","[0.0, 0.0, 0.0]"
PINNmem,hist,35,3,,32.33197610563937,22.57150566581061,10.484354442662264,8.391726581085713,31.340686547537153,0.0,1.125826171682151,1.0484141199975816,-0.00025009374465355134,1.4372008379453405,24.825156201759373,0.8130149553549106,-0.39543298086032275,-0.0024228859056487917,2.0397528446493576,9.805761857209438,0.3128112163272399,1.4438471008579048,0.0021727921609951037,1.4654397596344795,25.44383671523624,"[0.0309, 0.016, 0.0365]","[0.0, 0.0, 0.0]"
PINNmem,hist,35,4,,54.6757754334629,35.28096670793361,20.23927112786511,11.33728844376882,58.975993529814524,0.0,1.4263834627726295,1.9212752030384186,-0.001699559488965242,2.381231483082919,47.66292291978355,0.8739727412323103,-0.6464796098846141,-0.005033303253490107,3.4031458926005924,14.309495043529365,0.5524107215403207,2.5677548129230323,0.003333743764524962,2.697652121530975,52.95473971473208,"[0.0821, 0.0437, 0.0276]","[0.0, 0.0, 0.0]"
fPINN,main,175,3,0.4957367479801178,12.252556678789386,12.252556678789386,0.0,12.252556678789386,0.0,0.0,1.125545320335101,-0.0060014943587463005,-0.00013697828465718598,0.04733828009290213,1.344563926059201,1.125545320335101,-0.0060014943587463005,-0.00013697828465718598,0.04733828009290213,1.344563926059201,0.0,0.0,0.0,0.0,10.95218620016633,"[0.0, 0.0, 0.0]","[0.0, 0.0, 0.0]"
fPINN,main,175,4,0.47991883754730225,11.828445362812866,11.828445362812866,0.0,11.828445362812866,0.0,0.0,1.1096399724335642,-0.0271179590856041,-0.0006086264547899902,0.22415616343980932,1.0071540277832172,1.1096399724335642,-0.0271179590856041,-0.0006086264547899902,0.22415616343980932,1.0071540277832172,0.0,0.0,0.0,0.0,10.95218620016633,"[0.0, 0.0, 0.0]","[0.0, 0.0, 0.0]"
fPINN,main,175,5,0.481341689825058,11.89521817222529,11.89521817222529,0.0,11.89521817222529,0.0,0.0,1.1135415638665946,-0.025326320209530757,-0.000569335389628251,0.20920424014602532,1.0431772491209537,1.1135415638665946,-0.025326320209530757,-0.000569335389628251,0.20920424014602532,1.0431772491209537,0.0,0.0,0.0,0.0,10.95218620016633,"[0.0, 0.0, 0.0]","[0.0, 0.0, 0.0]"
fPINN,main,175,6,0.48200201988220215,12.015280635423844,12.015280635423844,0.0,12.015280635423844,0.0,0.0,1.1242820667886493,-0.024683772949798854,-0.0005539150754680124,0.20369155853242474,1.1600674898626886,1.1242820667886493,-0.024683772949798854,-0.0005539150754680124,0.20369155853242474,1.1600674898626886,0.0,0.0,0.0,0.0,10.95218620016633,"[0.0, 0.0, 0.0]","[0.0, 0.0, 0.0]"
fPINN,main,175,7,0.4856834411621094,12.089349721622678,12.089349721622678,0.0,12.089349721622678,0.0,0.0,1.12568788393406,-0.019744950145152197,-0.00044410372092004133,0.16239371570128996,1.2224960466091763,1.12568788393406,-0.019744950145152197,-0.00044410372092004133,0.16239371570128996,1.2224960466091763,0.0,0.0,0.0,0.0,10.95218620016633,"[0.0, 0.0, 0.0]","[0.0, 0.0, 0.0]"
fPINN,main,175,8,0.48290252685546875,12.019170370286242,12.019170370286242,0.0,12.019170370286242,0.0,0.0,1.123254874071862,-0.023450625523430732,-0.0005267309209896331,0.1934128233120484,1.1651378446467524,1.123254874071862,-0.023450625523430732,-0.0005267309209896331,0.1934128233120484,1.1651378446467524,0.0,0.0,0.0,0.0,10.95218620016633,"[0.0, 0.0, 0.0]","[0.0, 0.0, 0.0]"
fPINN,main,175,9,0.48747748136520386,12.139475002265755,12.139475002265755,0.0,12.139475002265755,0.0,0.0,1.1278900195947783,-0.017350555133518172,-0.00038943486565388985,0.1421919088241444,1.233192368774635,1.1278900195947783,-0.017350555133518172,-0.00038943486565388985,0.1421919088241444,1.233192368774635,0.0,0.0,0.0,0.0,10.95218620016633,"[0.0, 0.0, 0.0]","[0.0, 0.0, 0.0]"
fPINN,main,35,0,0.8082404732704163,19.309478744580694,19.309478744580694,0.0,19.309478744580694,0.0,0.0,0.7178647591213342,0.7030299312780106,0.004350698269083612,2.0987547566240154,11.710429637810421,0.7178647591213342,0.7030299312780106,0.004350698269083612,2.0987547566240154,11.710429637810421,0.0,0.0,0.0,0.0,10.95218620016633,"[0.0, 0.0, 0.0]","[0.0, 0.0, 0.0]"
fPINN,main,35,3,0.567318856716156,14.37669296403245,14.37669296403245,0.0,14.37669296403245,0.0,0.0,1.1624564519033118,0.11410479227719283,0.0019228502657699167,0.7791880967164103,4.181687703421573,1.1624564519033118,0.11410479227719283,0.0019228502657699167,0.7791880967164103,4.181687703421573,0.0,0.0,0.0,0.0,10.95218620016633,"[0.0, 0.0, 0.0]","[0.0, 0.0, 0.0]"
fPINN,main,35,4,0.6067271828651428,20.685425435740537,20.685425435740537,0.0,20.685425435740537,0.0,0.0,1.5519212236857953,0.26415670540872677,0.004041090929398546,1.625059423345033,10.243465703520345,1.5519212236857953,0.26415670540872677,0.004041090929398546,1.625059423345033,10.243465703520345,0.0,0.0,0.0,0.0,10.95218620016633,"[0.0, 0.0, 0.0]","[0.0, 0.0, 0.0]"
self-check,-,0,-1,,26.48675321908151,10.953428211055172,17.871392885053005,10.953428211055172,17.871392885053005,0.0,1.090524463313611,0.9265459561940995,0.0004338093612052951,0.4894475903583446,17.871378692780716,1.000208808354861,-8.392772714602366e-05,-4.262274624517093e-06,0.0038261612913400634,0.004227434502045167,0.09031565495875,0.9266298839212453,0.000438071635829725,0.4860858487798746,13.309872959980714,"[0.05, 0.05, 0.05]","[0.0, 0.0, 0.0]"
